article_id,title,newspaper_id,newspaper_title,page,date,category,words,illustrated,corrections,url,page_url
121863830,"LONDON-DARWIN, 16 DAYS",508,"Evening News (Sydney, NSW : 1869 - 1931)",1,1928-02-22,Article,17,Y,0,http://nla.gov.au/nla.news-article121863830,http://trove.nla.gov.au/newspaper/page/13907489
120596111,LONDON-DARWIN IN FIVE DAYS.,490,The Clarence River Advocate (NSW : 1898 - 1949),2,1932-11-24,Article,90,N,0,http://nla.gov.au/nla.news-article120596111,http://trove.nla.gov.au/newspaper/page/12267355
223669085,"DARWIN IN SIX DAYS ? LONDON, Tuesday.",1180,"The Sun (Sydney, NSW : 1910 - 1954)",10 S,1931-09-09,Article,51,N,0,http://nla.gov.au/nla.news-article223669085,http://trove.nla.gov.au/newspaper/page/24486137
242896885,London-- Darwin in 4 Days,1190,"The Herald (Melbourne, Vic. : 1861 - 1954)",1,1931-12-03,Article,86,N,0,http://nla.gov.au/nla.news-article242896885,http://trove.nla.gov.au/newspaper/page/26380150
156250782,"UNDER TEN DAYS London To Darwin DARWIN, Monday.",648,Mudgee Guardian and North-Western Representative (NSW : 1890 - 1954),2,1930-10-20,Article,53,N,0,http://nla.gov.au/nla.news-article156250782,http://trove.nla.gov.au/newspaper/page/17603679
234743268,"LONDON TO DARWIN UNDER SEVEN DAYS London, Thursday.",1221,The Kyogle Examiner (NSW : 1912; 1914 - 1915; 1917 - 1954),4,1933-06-16,Article,72,N,0,http://nla.gov.au/nla.news-article234743268,http://trove.nla.gov.au/newspaper/page/25368756
234735804,"IN TWELVE DAYS LONDON TO DARWIN. London, Thursday.",1221,The Kyogle Examiner (NSW : 1912; 1914 - 1915; 1917 - 1954),4,1933-09-29,Article,40,N,0,http://nla.gov.au/nla.news-article234735804,http://trove.nla.gov.au/newspaper/page/25368945
11163943,"SEVEN DAYS TO DARWIN FASTER AIRMAIL LONDON, Sunday.",13,"The Argus (Melbourne, Vic. : 1848 - 1957)",11,1938-04-11,Article,138,N,0,http://nla.gov.au/nla.news-article11163943,http://trove.nla.gov.au/newspaper/page/588271
35411116,"London Air Mail Four Days Late DARWIN, February 23.",44,"The Advertiser (Adelaide, SA : 1931 - 1954)",15,1936-02-24,Article,52,N,0,http://nla.gov.au/nla.news-article35411116,http://trove.nla.gov.au/newspaper/page/2595667
55363734,"THIRTEEN DAYS. England—Darwin. SAVINO'S HOPE. LONDON, May 1.",77,"Morning Bulletin (Rockhampton, Qld. : 1878 - 1954)",9,1930-05-03,Article,33,N,0,http://nla.gov.au/nla.news-article55363734,http://trove.nla.gov.au/newspaper/page/5348554
1134098,IN THREE DAYS. LONDON TO DARWIN. CENTENARY AIR RACE.,12,"The Courier-Mail (Brisbane, Qld. : 1933 - 1954)",16,1933-10-24,Article,734,N,2,http://nla.gov.au/nla.news-article1134098,http://trove.nla.gov.au/newspaper/page/26123
51882625,"THREE DAYS London to Darwin Pilot's Estimate ADELAIDE, Wednesday.",68,"Examiner (Launceston, Tas. : 1900 - 1954)",7 S,1934-08-30,Article,258,N,0,http://nla.gov.au/nla.news-article51882625,http://trove.nla.gov.au/newspaper/page/3412023
94218205,"BERLIN-DARWIN IN 3½ DAYS? LONDON, Wednesday.",81,"Northern Star (Lismore, NSW : 1876 - 1954)",7,1933-06-02,Article,69,N,0,http://nla.gov.au/nla.news-article94218205,http://trove.nla.gov.au/newspaper/page/9151654
94682525,"DUTCH SERVICE London-Darwin In Days CANBERRA, Friday.",81,"Northern Star (Lismore, NSW : 1876 - 1954)",9,1937-09-04,Article,71,N,0,http://nla.gov.au/nla.news-article94682525,http://trove.nla.gov.au/newspaper/page/9846213
125453245,"THIRTEEN DAYS. ROME TO DARWIN. LONDON, May 1.",492,The Maitland Daily Mercury (NSW : 1894 - 1939),5,1930-05-02,Article,38,N,0,http://nla.gov.au/nla.news-article125453245,http://trove.nla.gov.au/newspaper/page/13528196
145973181,RECORD FLIGHT. London to Darwin in 10½ Days.,746,"The Australian Worker (Sydney, NSW : 1913 - 1950)",8,1930-10-22,Article,169,N,0,http://nla.gov.au/nla.news-article145973181,http://trove.nla.gov.au/newspaper/page/16666741
183309576,"DARWIN IN SEVEN DAYS Australian Scott's Attempt LONDON, Wednesday.",904,The Inverell Times (NSW : 1899 - 1954),1,1931-04-02,Article,70,N,0,http://nla.gov.au/nla.news-article183309576,http://trove.nla.gov.au/newspaper/page/20963977
184979740,"FLY TO DARWIN IN FIVE DAYS. London, Wednesday.",893,"Daily Standard (Brisbane, Qld. : 1912 - 1936)",6,1932-10-20,Article,70,N,0,http://nla.gov.au/nla.news-article184979740,http://trove.nla.gov.au/newspaper/page/20858176
195060392,"THIRTEEN DAYS ROME TO DARWIN FLIGHT. LONDON, Friday.",1005,"Daily Examiner (Grafton, NSW : 1915 - 1954)",5,1930-05-03,Article,34,N,0,http://nla.gov.au/nla.news-article195060392,http://trove.nla.gov.au/newspaper/page/21809785
199808991,"REACH DARWIN IN SIX DAYS. LONDON, Tuesday.",943,"The Evening News (Rockhampton, Qld. : 1924 - 1941)",2,1931-09-09,Article,42,N,0,http://nla.gov.au/nla.news-article199808991,http://trove.nla.gov.au/newspaper/page/22270504
172938996,LONDON TO DARWIN. THREE DAYS' FIGHT. Pilot Brain's Prediction.,837,"Daily Mercury (Mackay, Qld. : 1906 - 1954)",7,1933-04-01,Article,428,N,1,http://nla.gov.au/nla.news-article172938996,http://trove.nla.gov.au/newspaper/page/19977466
242898366,AT DARWIN TODAY? 11 12 Days From London,1190,"The Herald (Melbourne, Vic. : 1861 - 1954)",1,1932-01-18,Article,127,N,0,http://nla.gov.au/nla.news-article242898366,http://trove.nla.gov.au/newspaper/page/26380983
246775186,"PORT DARWIN IN 12 DAYS LONDON, Friday.",1297,"The Daily Telegraph (Sydney, NSW : 1883 - 1930)",4,1928-05-26,Article,54,N,0,http://nla.gov.au/nla.news-article246775186,http://trove.nla.gov.au/newspaper/page/27141585
246083073,"THE DAYS GROW LONGER. PROFESSOR DARWIN'S THEORY. LONDON, Wednesday Night.",1190,"The Herald (Melbourne, Vic. : 1861 - 1954)",1,1903-05-14,Article,301,N,0,http://nla.gov.au/nla.news-article246083073,http://trove.nla.gov.au/newspaper/page/26257083
17529746,"36 DAYS' FLIGHT FROM LONDON. Mr. Macarthur Onslow at Darwin. DARWIN, Wednesday.",35,The Sydney Morning Herald (NSW : 1842 - 1954),16,1938-10-20,Article,184,N,0,http://nla.gov.au/nla.news-article17529746,http://trove.nla.gov.au/newspaper/page/1177182
90097530,"ARRIVAL IN DARWIN. 16 DAYS FROM LONDON. Darwin, February 22.",291,"Chronicle (Adelaide, SA : 1895 - 1954)",46,1928-02-25,Article,53,N,0,http://nla.gov.au/nla.news-article90097530,http://trove.nla.gov.au/newspaper/page/8664674
142409174,"AIR LINERS AT DARWIN London Mail Two Days Late DARWIN, Thursday.",356,Newcastle Morning Herald and Miners' Advocate (NSW : 1876 - 1954),12,1936-02-07,Article,111,N,0,http://nla.gov.au/nla.news-article142409174,http://trove.nla.gov.au/newspaper/page/15242591
222709833,"COBHAM'S HOPES [?] DAYS TO LONDON LEAVES DARWIN TO MORROW DARWIN, Friday.",1180,"The Sun (Sydney, NSW : 1910 - 1954)",9 S,1926-09-03,Article,125,N,0,http://nla.gov.au/nla.news-article222709833,http://trove.nla.gov.au/newspaper/page/24480293
177368905,London to Darwin should take Three Days THREE DAYS London to Darwin The Centenary Air Race Pilot's Estimate,892,Warwick Daily News (Qld. : 1919 -1954),1,1933-10-24,Article,231,N,0,http://nla.gov.au/nla.news-article177368905,http://trove.nla.gov.au/newspaper/page/20702936
96076366,"PLUCKY MELROSE YOUNG SOLO FLYER ARRIVES AT DARWIN 8 Days 1 Hr. From London DARWIN, Sunday.",347,"Recorder (Port Pirie, SA : 1919 - 1954)",1,1934-10-29,Article,101,N,0,http://nla.gov.au/nla.news-article96076366,http://trove.nla.gov.au/newspaper/page/9215182
199728067,"CHICHESTER AT Darwin. JOURNEY FROM LONDON OCCUPIES 36 DAYS. Sad Feature Of Flight. DARWIN, Saturday.",943,"The Evening News (Rockhampton, Qld. : 1924 - 1941)",3,1930-01-27,Article,171,N,0,http://nla.gov.au/nla.news-article199728067,http://trove.nla.gov.au/newspaper/page/22275695
4504299,"Darwin in Five Days. Proposed Flight From London. LONDON, Oct. 19.",13,"The Argus (Melbourne, Vic. : 1848 - 1957)",7,1932-10-20,Article,111,N,0,http://nla.gov.au/nla.news-article4504299,http://trove.nla.gov.au/newspaper/page/516871
16181020,"AIR TRAFFIC. LONDON TO DARWIN. MAILS IN FOUR DAYS. LONDON, Oct. 6.",35,The Sydney Morning Herald (NSW : 1842 - 1954),13,1924-10-08,Article,139,N,0,http://nla.gov.au/nla.news-article16181020,http://trove.nla.gov.au/newspaper/page/1223857
21605772,"IN 15 DAYS. DARWIN TO LONDON. AERIAL MAIL PLAN. (Australian Press Association.) LONDON, November 17.",16,The Brisbane Courier (Qld. : 1864 - 1933),13,1930-11-19,Article,256,N,0,http://nla.gov.au/nla.news-article21605772,http://trove.nla.gov.au/newspaper/page/1699662
22013594,"IN FIVE DAYS. LONDON TO DARWIN. Projected Flight. LONDON, October 19.",16,The Brisbane Courier (Qld. : 1864 - 1933),13,1932-10-20,Article,72,N,0,http://nla.gov.au/nla.news-article22013594,http://trove.nla.gov.au/newspaper/page/1690442
49447094,"THE COMET REACHES LONDON UNDER FOUR DAYS FROM DARWIN London, March 28.",25,"Northern Standard (Darwin, NT : 1921 - 1955)",6,1938-03-29,Article,36,N,0,http://nla.gov.au/nla.news-article49447094,http://trove.nla.gov.au/newspaper/page/3236053
64037362,"IN SIX DAYS London to Darwin Amy's Instructor LONDON, September 3.",75,"The Mail (Adelaide, SA : 1912 - 1954)",3,1930-09-06,Article,119,N,0,http://nla.gov.au/nla.news-article64037362,http://trove.nla.gov.au/newspaper/page/5310958
94195662,"LONDON-DARWIN FIVE DAYS Non-Stop Flight Is Planned LONDON, Sunday.",81,"Northern Star (Lismore, NSW : 1876 - 1954)",11,1932-11-22,Article,219,N,0,http://nla.gov.au/nla.news-article94195662,http://trove.nla.gov.au/newspaper/page/9149780
95808269,"SIX DAYS' TRIP. London to Darwin. (United Service). LONDON, Saturday.",347,"Recorder (Port Pirie, SA : 1919 - 1954)",4,1930-09-08,Article,115,N,0,http://nla.gov.au/nla.news-article95808269,http://trove.nla.gov.au/newspaper/page/9181847
96015885,"LONDON-DARWIN IN FIVE DAYS Three British Pilots Preparing (""Recorder"" Special Cables) LONDON, Wednesday.",347,"Recorder (Port Pirie, SA : 1919 - 1954)",1,1932-10-20,Article,76,N,0,http://nla.gov.au/nla.news-article96015885,http://trove.nla.gov.au/newspaper/page/9209223
113439676,"IN SEVEN DAYS. LONDON TO DARWIN. Italian Airman's Aim. (Australian Cable Service.) LONDON, March 13.",378,"Queensland Times (Ipswich, Qld. : 1909 - 1954)",6 S,1933-03-15,Article,263,N,0,http://nla.gov.au/nla.news-article113439676,http://trove.nla.gov.au/newspaper/page/9845335
129028150,"SPEEDY TRIPS London to Darwin in 12 Days AUSTRALIAN CONFIDENT LONDON, May 25.",461,"News (Adelaide, SA : 1923 - 1954)",5 S,1928-05-26,Article,177,N,0,http://nla.gov.au/nla.news-article129028150,http://trove.nla.gov.au/newspaper/page/11069484
129920734,"LONDON TO DARWIN AIR MAIL EXPERIMENT 21 Days for Return Flight LONDON, March 2.",461,"News (Adelaide, SA : 1923 - 1954)",7 S,1931-03-03,Article,120,N,0,http://nla.gov.au/nla.news-article129920734,http://trove.nla.gov.au/newspaper/page/11113474
139091150,"SCOTT'S TRIP DARWIN-LONDON In 10 Days 3 Hours LONDON, Sunday.",639,Cootamundra Herald (NSW : 1877 - 1954),1,1931-06-08,Article,79,N,0,http://nla.gov.au/nla.news-article139091150,http://trove.nla.gov.au/newspaper/page/15832390
151873594,"SEVEN DAYS. LONDON—DARWIN. DAY AND NIGHT FLYING. BREAKING THE RECORD. LONDON, Saturday.",731,"Maryborough Chronicle, Wide Bay and Burnett Advertiser (Qld. : 1860 - 1947)",5,1930-10-06,Article,134,N,0,http://nla.gov.au/nla.news-article151873594,http://trove.nla.gov.au/newspaper/page/17897879
183568449,THE ASTREA Darwin to London 14 DAYS' TRIP LONDON. Wednesday,903,Glen Innes Examiner (NSW : 1908 - 1954),1,1933-07-27,Article,73,N,0,http://nla.gov.au/nla.news-article183568449,http://trove.nla.gov.au/newspaper/page/20972731
203993146,"AIR SERVICES. DEVELOPMENTS FORECAST. London to Darwin in 4& Days. LONDON, 12th July.",809,"The Age (Melbourne, Vic. : 1854 - 1954)",10,1935-07-15,Article,619,N,0,http://nla.gov.au/nla.news-article203993146,http://trove.nla.gov.au/newspaper/page/19038232
132341768,BERT. HINKLER'S GREAT FLIGHT. LONDON TO DARWIN IN 15 DAYS SIX DAYS OFF THE SMITHS' FLIGHT.,188,The Dubbo Liberal and Macquarie Advocate (NSW : 1894 - 1954),6,1928-02-24,Article,195,N,0,http://nla.gov.au/nla.news-article132341768,http://trove.nla.gov.au/newspaper/page/15000029
4512894,DARWIN TO LONDON. FLIGHT IN 6½ DAYS. Attempt to Begin on Friday.,13,"The Argus (Melbourne, Vic. : 1848 - 1957)",7,1932-12-07,Article,176,N,0,http://nla.gov.au/nla.news-article4512894,http://trove.nla.gov.au/newspaper/page/518083
22181137,"STOP PRESS. IN 3½ DAYS. BERLIN TO DARWIN. NAVAL AIRMAN'S PROJECT. LONDON, May 31.",16,The Brisbane Courier (Qld. : 1864 - 1933),18,1933-06-01,Article,71,N,0,http://nla.gov.au/nla.news-article22181137,http://trove.nla.gov.au/newspaper/page/1694359
24864149,"BERLIN TO DARWIN Naval Airman's Plans Flight in 3½ Days LONDON, May 31.",10,"The Mercury (Hobart, Tas. : 1860 - 1954)",9,1933-06-02,Article,74,N,0,http://nla.gov.au/nla.news-article24864149,http://trove.nla.gov.au/newspaper/page/1819329
29869929,"ANOTHER FLIGHT TO AUSTRALIA Darwin in Seven Days is Objective LONDON, October 19.",44,"The Advertiser (Adelaide, SA : 1931 - 1954)",9,1931-10-20,Article,98,N,0,http://nla.gov.au/nla.news-article29869929,http://trove.nla.gov.au/newspaper/page/2880627
32461370,AIR HAH SERVICES. NEW HIGH-SPEED TLANE. Darwin in Seven Days from London,30,"The West Australian (Perth, WA : 1879 - 1954)",15,1933-06-17,Article,133,N,0,http://nla.gov.au/nla.news-article32461370,http://trove.nla.gov.au/newspaper/page/2817232
30854000,"SEVEN DAYS TO DARWIN Imperial Airways' Schedule ""World's Fastest"" LONDON, March 17.",44,"The Advertiser (Adelaide, SA : 1931 - 1954)",16,1938-03-19,Article,215,N,0,http://nla.gov.au/nla.news-article30854000,http://trove.nla.gov.au/newspaper/page/2600757
36200031,"Air Mail From London Four Days Late DARWIN, November 27.",44,"The Advertiser (Adelaide, SA : 1931 - 1954)",20,1935-11-28,Article,0,N,0,http://nla.gov.au/nla.news-article36200031,http://trove.nla.gov.au/newspaper/page/2690206
38535861,BUTLER AT DARWIN. THE RECORD BROKEN. Nine Days from London.,101,"Western Mail (Perth, WA : 1885 - 1954)",38,1931-11-12,Article,591,Y,0,http://nla.gov.au/nla.news-article38535861,http://trove.nla.gov.au/newspaper/page/3551448
44786736,BUTLER AT DARWIN. THE RECORD BROKEN. Nine Days from London.,101,"Western Mail (Perth, WA : 1885 - 1954)",36,1931-11-12,Article,588,Y,0,http://nla.gov.au/nla.news-article44786736,http://trove.nla.gov.au/newspaper/page/4081762
46674264,"SYDNEY-LONDON IN 17 DAYS Darwin-Singapore Air Route CANBERRA, Monday.",53,"Barrier Miner (Broken Hill, NSW : 1888 - 1954)",1,1932-12-05,Article,67,N,0,http://nla.gov.au/nla.news-article46674264,http://trove.nla.gov.au/newspaper/page/3443125
46978262,BERLIN TO DARWIN IN 3½ DAYS Englishman's Proposal LONDON. May 31.,44,"The Advertiser (Adelaide, SA : 1931 - 1954)",25,1933-06-02,Article,68,N,0,http://nla.gov.au/nla.news-article46978262,http://trove.nla.gov.au/newspaper/page/2592213
48060136,"COBHAM'S FLIGHT EXPECTS TO REACH DARWIN IN FIVE DAYS London, May 10.",25,"Northern Standard (Darwin, NT : 1921 - 1955)",9,1933-05-12,Article,42,N,0,http://nla.gov.au/nla.news-article48060136,http://trove.nla.gov.au/newspaper/page/3233599
49442758,"LONDON TO DARWIN IN 6½ DAYS Canberra, September 6.",25,"Northern Standard (Darwin, NT : 1921 - 1955)",6,1937-09-07,Article,154,N,0,http://nla.gov.au/nla.news-article49442758,http://trove.nla.gov.au/newspaper/page/3237740
51464987,"ENGLAND TO DARWIN Flying Time Under Six Days LONDON, Feb. 27.",68,"Examiner (Launceston, Tas. : 1900 - 1954)",7 S,1928-02-29,Article,358,N,0,http://nla.gov.au/nla.news-article51464987,http://trove.nla.gov.au/newspaper/page/3210023
54733195,"IN FIVE DAYS England To Darwin COBHAM IS OPTIMISTIC LONDON, May 6.",77,"Morning Bulletin (Rockhampton, Qld. : 1878 - 1954)",7,1933-05-08,Article,84,N,0,http://nla.gov.au/nla.news-article54733195,http://trove.nla.gov.au/newspaper/page/5366873
58128707,"LONDON TO ADELAIDE. VIA PORT DARWIN AND RUSSIA. TWENTY DAYS' PASSAGE. SYDNEY, April4.",89,"The Register (Adelaide, SA : 1901 - 1929)",5,1907-04-05,Article,134,N,0,http://nla.gov.au/nla.news-article58128707,http://trove.nla.gov.au/newspaper/page/4423955
58526234,BLAZING THE TRAIL London to Darwin EIGHT DAYS SERVICE,75,"The Mail (Adelaide, SA : 1912 - 1954)",4,1926-08-28,Article,339,N,0,http://nla.gov.au/nla.news-article58526234,http://trove.nla.gov.au/newspaper/page/5289382
62005291,"DUTCH AIR SERVICE. 6½ DAYS PLANNED. London Darwin Journey.  CANBERRA, September 3.",97,Townsville Daily Bulletin (Qld. : 1907 - 1954),7,1937-09-04,Article,152,N,0,http://nla.gov.au/nla.news-article62005291,http://trove.nla.gov.au/newspaper/page/5547543
21683264,"IN 15 DAYS. Two London-Darwin Flights. CONNECT WITH QANTAS. SYDNEY, March 30.",16,The Brisbane Courier (Qld. : 1864 - 1933),11,1931-03-31,Article,176,N,1,http://nla.gov.au/nla.news-article21683264,http://trove.nla.gov.au/newspaper/page/1680454
68448612,"LONDON TO DARWIN IN 6½ DAYS PLANS FOR DUTCH AIR SERVICE CANBERRA, Friday.",46,"Advocate (Burnie, Tas. : 1890 - 1954)",2,1937-09-04,Article,151,N,0,http://nla.gov.au/nla.news-article68448612,http://trove.nla.gov.au/newspaper/page/5158910
70538262,"LONDON TO DARWIN IN SIX AND A HALF DAYS CANBERRA, September 3.",187,"The Central Queensland Herald (Rockhampton, Qld. : 1930 - 1956)",39,1937-09-09,Article,164,N,0,http://nla.gov.au/nla.news-article70538262,http://trove.nla.gov.au/newspaper/page/6907482
22181633,"IN 3½ DAYS. Berlin to Darwin. DISCUSSION OF PLANS. LONDON, May 31.",16,The Brisbane Courier (Qld. : 1864 - 1933),15,1933-06-02,Article,127,N,0,http://nla.gov.au/nla.news-article22181633,http://trove.nla.gov.au/newspaper/page/1694380
35416165,"Two Days' Delay To London-Bound Air Mail DARWIN, March 15.",44,"The Advertiser (Adelaide, SA : 1931 - 1954)",18,1936-03-16,Article,63,N,2,http://nla.gov.au/nla.news-article35416165,http://trove.nla.gov.au/newspaper/page/2594828
49425562,"EMPIRE AVIATION TO DARWIN IN FOUR AND A HALF DAYS London, July 13.",25,"Northern Standard (Darwin, NT : 1921 - 1955)",4,1935-07-23,Article,226,N,0,http://nla.gov.au/nla.news-article49425562,http://trove.nla.gov.au/newspaper/page/3232842
68115396,AIR RACE. London to Darwin in Three Days. AVIATOR'S PREDICTION.,46,"Advocate (Burnie, Tas. : 1890 - 1954)",7,1934-08-30,Article,100,N,0,http://nla.gov.au/nla.news-article68115396,http://trove.nla.gov.au/newspaper/page/5835035
72661034,"Berlin to Darwin in 3½ Days. RECORD FLIGHT PLANNED. London, Wednesday.",225,The Horsham Times (Vic. : 1882 - 1954),5,1933-06-02,Article,60,N,0,http://nla.gov.au/nla.news-article72661034,http://trove.nla.gov.au/newspaper/page/7062865
77922847,"IMPERIAL AIRWAYS NEW SCHEDULES. Seven Days to Darwin. London, March 18.",276,"Border Watch (Mount Gambier, SA : 1861 - 1954)",2,1938-03-19,Article,88,N,0,http://nla.gov.au/nla.news-article77922847,http://trove.nla.gov.au/newspaper/page/7668049
77952188,CAPT. BERTRAM'S RETURN FLIGHT. Darwin to London in 6½ Days.,276,"Border Watch (Mount Gambier, SA : 1861 - 1954)",1,1932-12-08,Article,88,N,0,http://nla.gov.au/nla.news-article77952188,http://trove.nla.gov.au/newspaper/page/7674653
77956563,"ENGLAND TO DARWIN IN SEVEN DAYS. Butler's Attempt Postponed, London, Friday.",276,"Border Watch (Mount Gambier, SA : 1861 - 1954)",1,1931-10-24,Article,35,N,0,http://nla.gov.au/nla.news-article77956563,http://trove.nla.gov.au/newspaper/page/7675645
79468356,"DARWIN IN SIX DAYS CAPTAIN MATTHEWS' PLANS RETURN FLIGHT ALSO LONDON, September 5.",275,"The Daily News (Perth, WA : 1882 - 1950)",7 S,1930-09-06,Article,113,N,0,http://nla.gov.au/nla.news-article79468356,http://trove.nla.gov.au/newspaper/page/7915636
81290401,"LONDON-DARWIN IN 6½ DAYS Likely Schedule Of Dutch Air Service CANBERRA, September 3.",258,"The Northern Miner (Charters Towers, Qld. : 1874 - 1954)",2,1937-09-04,Article,167,N,0,http://nla.gov.au/nla.news-article81290401,http://trove.nla.gov.au/newspaper/page/8025160
90634569,ANOTHER FLIGHT TO AUSTRALIA Darwin in Seven Days is Objective LONDON. October 19.,291,"Chronicle (Adelaide, SA : 1895 - 1954)",46,1931-10-22,Article,1647,Y,0,http://nla.gov.au/nla.news-article90634569,http://trove.nla.gov.au/newspaper/page/8764392
90886576,"BERLIN TO DARWIN IN 3½ DAYS LONDON, May 31.",291,"Chronicle (Adelaide, SA : 1895 - 1954)",51,1933-06-08,Article,66,N,0,http://nla.gov.au/nla.news-article90886576,http://trove.nla.gov.au/newspaper/page/8666542
94111013,"36 DAYS STDNEY, Sunday. LONDON—DARWIN CHICHESTER ARRIVES SYDNEY TO-MORROW",81,"Northern Star (Lismore, NSW : 1876 - 1954)",7,1930-01-27,Article,190,N,0,http://nla.gov.au/nla.news-article94111013,http://trove.nla.gov.au/newspaper/page/9139040
94873140,"BERLIN TO DARWIN PROPOSED FLIGHT IN 3 1/2 DAYS. London, June 1.",342,Kalgoorlie Miner (WA : 1895 - 1950),5,1933-06-03,Article,68,N,0,http://nla.gov.au/nla.news-article94873140,http://trove.nla.gov.au/newspaper/page/9052890
95817894,"DARWIN IN SIX DAYS. Two Brothers Preparing. (United Service). LONDON, Tuesday.",347,"Recorder (Port Pirie, SA : 1919 - 1954)",1,1931-09-10,Article,49,N,0,http://nla.gov.au/nla.news-article95817894,http://trove.nla.gov.au/newspaper/page/9183738
95915747,"AMERICAN AIRMEN AFTER RECORDS Fast Plane Preparing ""LONDON DARWIN, FOUR DAYS"" (""Recorder"" Special Cables) LONOON, Wednesday.",347,"Recorder (Port Pirie, SA : 1919 - 1954)",1,1932-04-14,Article,78,N,0,http://nla.gov.au/nla.news-article95915747,http://trove.nla.gov.au/newspaper/page/9198438
124594113,"DUTCH AIR SERVICE. 6½ DAYS FROM LONDON TO DARWIN. Agreement Imminent. CANBERRA, September 3.",378,"Queensland Times (Ipswich, Qld. : 1909 - 1954)",9 S,1937-09-04,Article,155,N,0,http://nla.gov.au/nla.news-article124594113,http://trove.nla.gov.au/newspaper/page/9916217
128974862,"TO DARWIN IN SIX DAYS Brothers Plan Fast Flight LONDON, September 8.",461,"News (Adelaide, SA : 1923 - 1954)",7 S,1931-09-09,Article,57,N,0,http://nla.gov.au/nla.news-article128974862,http://trove.nla.gov.au/newspaper/page/11063536
131554750,"AIR SERVICES QUICKER Darwin in 7 Days LONDON, March 17.",461,"News (Adelaide, SA : 1923 - 1954)",5,1938-03-18,Article,159,N,0,http://nla.gov.au/nla.news-article131554750,http://trove.nla.gov.au/newspaper/page/11358895
135084572,"IN 3½ DAYS Berlin to Darwin Flight PLANS FOR BRITISH AIRMAN LONDON, May 31.",356,Newcastle Morning Herald and Miners' Advocate (NSW : 1876 - 1954),9,1933-06-02,Article,75,N,0,http://nla.gov.au/nla.news-article135084572,http://trove.nla.gov.au/newspaper/page/10095264
142686216,"FLIGHT TO AUSTRALIA SEVEN DAYS TO DARWIN START ON FRIDAY LONDON, Friday.",687,"Daily Advertiser (Wagga Wagga, NSW : 1911 - 1954)",2,1930-10-06,Article,292,N,0,http://nla.gov.au/nla.news-article142686216,http://trove.nla.gov.au/newspaper/page/15638310
143145521,"DARWIN IN EIGHT DAYS ITALIAN TO MAKE ATTEMPT LONDON, Monday.",687,"Daily Advertiser (Wagga Wagga, NSW : 1911 - 1954)",1,1933-03-28,Article,33,N,0,http://nla.gov.au/nla.news-article143145521,http://trove.nla.gov.au/newspaper/page/15643071
147715362,RAILWAY TO PORT DARWIN. MELBOURNE TO LONDON IN 23 DAYS.,558,Geelong Advertiser (Vic. : 1859 - 1929),5,1901-03-23,Article,368,N,0,http://nla.gov.au/nla.news-article147715362,http://trove.nla.gov.au/newspaper/page/17548354
149295843,"FIVE DAYS TO DARWIN COBHAM'S AMBITION MAY LEAVE ON SATURDAY LONDON, Saturday.",731,"Maryborough Chronicle, Wide Bay and Burnett Advertiser (Qld. : 1860 - 1947)",5,1933-05-08,Article,86,N,0,http://nla.gov.au/nla.news-article149295843,http://trove.nla.gov.au/newspaper/page/17905366
150000917,"ULM'S HOPES. TO DARWIN IN 10 DAYS. NO ATLANTIC FLIGHT. LONDON, September 30.",733,"The Northern Herald (Cairns, Qld. : 1913 - 1939)",15,1933-10-07,Article,87,N,0,http://nla.gov.au/nla.news-article150000917,http://trove.nla.gov.au/newspaper/page/18001254
150050721,BROOK BREAKS RECORD DARWIN TO LONDON Under Eight Days SCHEDULE MAINTAINED,731,"Maryborough Chronicle, Wide Bay and Burnett Advertiser (Qld. : 1860 - 1947)",7,1935-04-02,Article,215,N,0,http://nla.gov.au/nla.news-article150050721,http://trove.nla.gov.au/newspaper/page/17822968
151198200,AIR MAIL DUE AT DARWIN ON MARCH 7 Nine Days From London,731,"Maryborough Chronicle, Wide Bay and Burnett Advertiser (Qld. : 1860 - 1947)",9,1938-03-04,Article,59,N,0,http://nla.gov.au/nla.news-article151198200,http://trove.nla.gov.au/newspaper/page/17894138
151853194,"DARWIN IN SIX DAYS. IN DUAL-CONTROL PLANE. LONDON, Tuesday.",731,"Maryborough Chronicle, Wide Bay and Burnett Advertiser (Qld. : 1860 - 1947)",2,1931-09-10,Article,50,N,0,http://nla.gov.au/nla.news-article151853194,http://trove.nla.gov.au/newspaper/page/17900612
159734151,"IN 6 DAYS London to Darwin Foreign Company and Air Mail BRISBANE, Friday.",650,"National Advocate (Bathurst, NSW : 1889 - 1954)",2,1934-04-21,Article,173,N,0,http://nla.gov.au/nla.news-article159734151,http://trove.nla.gov.au/newspaper/page/17053784
160561812,"EMPIRE PLANE SERVICE LONDON TO DARWIN IN 6½ DAYS New Plans Announced SYDNEY, Friday.",650,"National Advocate (Bathurst, NSW : 1889 - 1954)",1,1937-05-01,Article,667,N,0,http://nla.gov.au/nla.news-article160561812,http://trove.nla.gov.au/newspaper/page/17120812
166676743,LONDON TO DARWIN IN TWO DAYS Mollison May Do The Trick—If,651,The Newcastle Sun (NSW : 1918 - 1954),6,1937-12-22,Article,425,N,0,http://nla.gov.au/nla.news-article166676743,http://trove.nla.gov.au/newspaper/page/16050149
175352370,London to Darwin in Five Days  Plans for Non-Stop Flight.,884,The Uralla Times (NSW : 1923 - 1954),10,1932-11-24,Article,456,N,0,http://nla.gov.au/nla.news-article175352370,http://trove.nla.gov.au/newspaper/page/20626960
174791790,HINKLERS FAMOUS FLIGHT. LONDON TO DARWIN IN SIXTEEN DAYS.,884,The Uralla Times (NSW : 1923 - 1954),4,1928-12-03,Article,85,N,0,http://nla.gov.au/nla.news-article174791790,http://trove.nla.gov.au/newspaper/page/20608484
173198225,Centenary Air Race. LONDON TO DARWIN. THREE DAYS LIKELY TIME.,837,"Daily Mercury (Mackay, Qld. : 1906 - 1954)",6,1934-08-22,Article,122,N,0,http://nla.gov.au/nla.news-article173198225,http://trove.nla.gov.au/newspaper/page/19980195
172565568,London to Darwin. SIX AND A HALF DAYS SCHEDULE. NEGOTIATIONS ALMOST COMPLETE.,837,"Daily Mercury (Mackay, Qld. : 1906 - 1954)",7,1937-09-04,Article,179,N,0,http://nla.gov.au/nla.news-article172565568,http://trove.nla.gov.au/newspaper/page/18812422
177366929,TWO DAYS London to Darwin Possibilities of Americans Favoured,892,Warwick Daily News (Qld. : 1919 -1954),5,1933-09-29,Article,453,N,0,http://nla.gov.au/nla.news-article177366929,http://trove.nla.gov.au/newspaper/page/20702778
181201673,"BERLIN TO DARWIN IN 312 DAYS Record Plight Planned LONDON, May 31.",840,"The Telegraph (Brisbane, Qld. : 1872 - 1947)",4 S,1933-06-01,Article,75,N,0,http://nla.gov.au/nla.news-article181201673,http://trove.nla.gov.au/newspaper/page/19233115
181202051,"BERLIN TO DARWIN IN 312 DAYS Record Plight Planned LONDON, May 31.",840,"The Telegraph (Brisbane, Qld. : 1872 - 1947)",9 S,1933-06-01,Article,78,N,0,http://nla.gov.au/nla.news-article181202051,http://trove.nla.gov.au/newspaper/page/19233102
181876952,"IN SIX DAYS London to Darwin Contractors' Hopes SYDNEY, April 21.",840,"The Telegraph (Brisbane, Qld. : 1872 - 1947)",9 S,1934-04-21,Article,384,N,0,http://nla.gov.au/nla.news-article181876952,http://trove.nla.gov.au/newspaper/page/19271560
178923158,"TO DARWIN AND BACK IN 6 DAYS ""JOHNNIE'S INSTRUCTOR IS AMBITIOUS. London, Friday.",893,"Daily Standard (Brisbane, Qld. : 1912 - 1936)",1,1930-09-06,Article,117,N,0,http://nla.gov.au/nla.news-article178923158,http://trove.nla.gov.au/newspaper/page/20822442
187853178,Epic Flight. HINKLER'S ACHIEVEMENT. LONDON TO DARWIN IN 16 DAYS.,983,The Armidale Chronicle (NSW : 1894 - 1929),4,1928-02-25,Article,303,N,0,http://nla.gov.au/nla.news-article187853178,http://trove.nla.gov.au/newspaper/page/21550613
182814210,ROYAL DUTCH AIR LINES PROPOSAL: DARWIN-LONDON 11 DAYS. No Subsidy or Guarantee Required.,893,"Daily Standard (Brisbane, Qld. : 1912 - 1936)",7,1932-08-16,Article,595,N,0,http://nla.gov.au/nla.news-article182814210,http://trove.nla.gov.au/newspaper/page/20861671
192836541,FROM DARWIN TO LONDON IN EIGHTEEN DAYS? MRS. BONNEY'S ATTACK ON RECORD,1007,"Tweed Daily (Murwillumbah, NSW : 1914 - 1949)",5,1933-04-08,Article,176,N,0,http://nla.gov.au/nla.news-article192836541,http://trove.nla.gov.au/newspaper/page/21660885
193708854,DUTCH AIR SERVICE SIX AND A HALF DAYS FROM LONDON TO DARWIN,1007,"Tweed Daily (Murwillumbah, NSW : 1914 - 1949)",4,1937-09-04,Article,167,N,0,http://nla.gov.au/nla.news-article193708854,http://trove.nla.gov.au/newspaper/page/21601290
193605704,"DUTCH AIRWAYS LINK WITH AUSTRALIA London-Darwin 6½ Days STRATOSPHERE PASSENGERS SYDNEY, Friday.",1005,"Daily Examiner (Grafton, NSW : 1915 - 1954)",5,1937-05-01,Article,181,N,0,http://nla.gov.au/nla.news-article193605704,http://trove.nla.gov.au/newspaper/page/21766048
194783107,"SIX DAYS London To Darwin AIR MAIL ACCELERATION QANTAS AMBITIONS. SYDNEY, Friday.",1005,"Daily Examiner (Grafton, NSW : 1915 - 1954)",5,1934-04-21,Article,667,N,0,http://nla.gov.au/nla.news-article194783107,http://trove.nla.gov.au/newspaper/page/21764004
195021213,"FAST MAIL PLANE DESIGNED FOR EMPIRE ROUTES DARWIN UNDER SEVEN DAYS. LONDON, Thursday.",1005,"Daily Examiner (Grafton, NSW : 1915 - 1954)",5,1933-06-17,Article,119,N,0,http://nla.gov.au/nla.news-article195021213,http://trove.nla.gov.au/newspaper/page/21805404
189297406,DUTCH AIR SERVICE London To Darwin In 6½ Days.,892,Warwick Daily News (Qld. : 1919 -1954),1,1937-09-04,Article,175,N,0,http://nla.gov.au/nla.news-article189297406,http://trove.nla.gov.au/newspaper/page/21051234
196063437,RAILWAY TO PORT DARWIN. MELBOURNE TO LONDON IN 23 DAYS.,809,"The Age (Melbourne, Vic. : 1854 - 1954)",4,1901-03-22,Article,393,N,0,http://nla.gov.au/nla.news-article196063437,http://trove.nla.gov.au/newspaper/page/18522408
196125908,"A QUICK JOURNEY. LONDON TO JAPAN IN 14½ DAYS. PORT DARWIN, Tuesday.",809,"The Age (Melbourne, Vic. : 1854 - 1954)",9,1909-06-30,Article,51,N,0,http://nla.gov.au/nla.news-article196125908,http://trove.nla.gov.au/newspaper/page/18553200
198798564,"""SHOULD REACH DARWIN IN FIVE DAYS."" Sir Alan Cobham's Flight. LONDON, Saturday.",943,"The Evening News (Rockhampton, Qld. : 1924 - 1941)",10,1933-05-08,Article,89,N,0,http://nla.gov.au/nla.news-article198798564,http://trove.nla.gov.au/newspaper/page/21934450
203841855,LONDON TO DARWIN IN SIX DAYS. FLYING AT NIGHT.,809,"The Age (Melbourne, Vic. : 1854 - 1954)",15,1934-04-21,Article,460,N,0,http://nla.gov.au/nla.news-article203841855,http://trove.nla.gov.au/newspaper/page/19055962
207032972,RAILWAY TO PORT DARWIN. MELBOURNE TO LONDON IN 23 DAYS.,185,The Ballarat Star (Vic. : 1865 - 1924),3,1901-03-23,Article,363,N,0,http://nla.gov.au/nla.news-article207032972,http://trove.nla.gov.au/newspaper/page/21323918
208610965,"LONDON TO ADELAIDE. VIA PORT DARWIN AND RUSSIA. TWENTY DAYS’ PASSAGE. SYDNEY, April 4.",966,"Evening Journal (Adelaide, SA : 1869 - 1912)",2,1907-04-05,Article,132,N,0,http://nla.gov.au/nla.news-article208610965,http://trove.nla.gov.au/newspaper/page/22453021
207524734,"DARWIN IN SIX DAYS Flying Day And Night LONDON, Thursday.",1102,Wagga Wagga Express (NSW : 1930 - 1939),1,1932-02-20,Article,56,N,0,http://nla.gov.au/nla.news-article207524734,http://trove.nla.gov.au/newspaper/page/22690399
211671955,First Air-Mail for Australia. London-Port Darwin in 15 Days.,1114,Daily Telegraph and North Murchison and Pilbarra Gazette (WA : 1920 - 1947),4,1931-05-20,Article,359,N,0,http://nla.gov.au/nla.news-article211671955,http://trove.nla.gov.au/newspaper/page/23135987
211670806,First Air-Mail for Australia London-Port Darwin in 15 Days.,1114,Daily Telegraph and North Murchison and Pilbarra Gazette (WA : 1920 - 1947),4,1931-05-23,Article,363,N,0,http://nla.gov.au/nla.news-article211670806,http://trove.nla.gov.au/newspaper/page/23135993
229443899,"DUTCH AIR SERVICE AGREEMENT TERMINATE AT SYDNEY? LONDON-DARWIN 6 12 DAYS CANBERRA, Friday.",1180,"The Sun (Sydney, NSW : 1910 - 1954)",6 S,1937-09-03,Article,258,N,0,http://nla.gov.au/nla.news-article229443899,http://trove.nla.gov.au/newspaper/page/24527485
230550941,London -- Darwin in Six Days AIR MAIL AIM Speeding Future Service FLYING AT NIGHT,1180,"The Sun (Sydney, NSW : 1910 - 1954)",12 S,1934-04-20,Article,647,N,0,http://nla.gov.au/nla.news-article230550941,http://trove.nla.gov.au/newspaper/page/24637747
233126901,First Air-Mail for Australia. London-Port Darwin in 15 Days.,1275,"The Magnet Mirror and Murchison Reflector (Meekatharra, WA : 1928 - 1935)",4,1931-05-21,Article,347,N,0,http://nla.gov.au/nla.news-article233126901,http://trove.nla.gov.au/newspaper/page/25195356
233152883,First Air-Mail for Australia. London-Port Darwin in [?]5 Days.,1276,"The Manganese Record, Peak Hill, Nullagine and Marble Bar Gazette (Meekatharra, WA : 1928 - 1941)",4,1931-05-23,Article,347,N,0,http://nla.gov.au/nla.news-article233152883,http://trove.nla.gov.au/newspaper/page/25190028
233628611,First Air-Mail for Australia. London-Port Darwin In 15 Days.,1280,"The Yalgoo Observer and Murchison Chronicle (Meekatharra, WA : 1923 - 1941)",4,1931-05-21,Article,350,N,0,http://nla.gov.au/nla.news-article233628611,http://trove.nla.gov.au/newspaper/page/25243570
233785368,"""SMITHY"" WINS. LONDON TO DARWIN IN 10 DAYS HILL MAKES FORCED LANDING.",1219,Casino and Kyogle Courier and North Coast Advertiser (NSW : 1904 - 1932),1,1930-10-22,Article,445,N,0,http://nla.gov.au/nla.news-article233785368,http://trove.nla.gov.au/newspaper/page/25267354
242817413,"AIR RECORD ATTEMPT Scott Leaves ENGLAND--DARWIN IN LESS THAN 9 DAYS LONDON, Saturday.",1190,"The Herald (Melbourne, Vic. : 1861 - 1954)",2,1932-02-20,Article,99,N,0,http://nla.gov.au/nla.news-article242817413,http://trove.nla.gov.au/newspaper/page/26381566
244484249,44 DAYS OUT FROM LONDON Fliers Left on Feb. 9 DARWIN Monday.,1190,"The Herald (Melbourne, Vic. : 1861 - 1954)",1,1930-03-24,Article,256,N,0,http://nla.gov.au/nla.news-article244484249,http://trove.nla.gov.au/newspaper/page/26578609
244593189,"7 DAYS TO DARWIN New Empire Air Mails LONDON, Thursday.",1190,"The Herald (Melbourne, Vic. : 1861 - 1954)",7,1938-03-18,Article,365,N,0,http://nla.gov.au/nla.news-article244593189,http://trove.nla.gov.au/newspaper/page/26599243
4554133,"Darwin Honors Gallant Airman Hinkler Feted on Wednesday Night London to Darwin in 15 Days DARWIN TOWN COUNCIL Town Hall, Darwin, February, 22nd. 1928. To Bert Hinkler Esq.",36,"Northern Territory Times (Darwin, NT : 1927 - 1932)",2,1928-02-24,Article,1231,N,0,http://nla.gov.au/nla.news-article4554133,http://trove.nla.gov.au/newspaper/page/1125457
48045566,"ANOTHER LONDON TO DARWIN FLIGHT PLAN TO REACH HERE IN SIX DAYS London, Wednesday.",25,"Northern Standard (Darwin, NT : 1921 - 1955)",1,1931-09-11,Article,71,N,0,http://nla.gov.au/nla.news-article48045566,http://trove.nla.gov.au/newspaper/page/3237351
68121998,"DARWIN LONDON. Melrose Does Journey In Record Time of 8 Days 9 Hours. LONDON, Saturday.",46,"Advocate (Burnie, Tas. : 1890 - 1954)",1,1934-10-01,Article,570,N,0,http://nla.gov.au/nla.news-article68121998,http://trove.nla.gov.au/newspaper/page/5835321
118761768,"DARWIN TO LONDON AIR MAILS IN 15 DAYS FLYING DUTCHMEN TO CARRY SUBSIDY TALK LONDON, Monday.",508,"Evening News (Sydney, NSW : 1869 - 1931)",5,1930-11-18,Article,614,Y,0,http://nla.gov.au/nla.news-article118761768,http://trove.nla.gov.au/newspaper/page/12319338
142765764,"FLYING-OFFICER SCOTT ARRIVAL IN ENGLAND RECORD BREAKING FLIGHT Darwin-London In 10 Days 3 Hours LONDON, Friday.",687,"Daily Advertiser (Wagga Wagga, NSW : 1911 - 1954)",1,1931-06-08,Article,444,N,0,http://nla.gov.au/nla.news-article142765764,http://trove.nla.gov.au/newspaper/page/15639565
166713908,"LONDON TO DARWIN IN 7 DAYS 'PLANE SERVICE TO BE SPEEDED UP LONDON, Thursday.",651,The Newcastle Sun (NSW : 1918 - 1954),13,1938-03-18,Article,156,N,0,http://nla.gov.au/nla.news-article166713908,http://trove.nla.gov.au/newspaper/page/16729072
181206855,"MAIL-CARRYING PLANE Successful British Demonstration London to Darwin in Under Seven Days LONDON, June 15.",840,"The Telegraph (Brisbane, Qld. : 1872 - 1947)",1 S,1933-06-16,Article,124,N,0,http://nla.gov.au/nla.news-article181206855,http://trove.nla.gov.au/newspaper/page/19233589
181206737,"MAIL-CARRYING PLANE Successful British Demonstration London to Darwin in Under Seven Days LONDON, June 15.",840,"The Telegraph (Brisbane, Qld. : 1872 - 1947)",1 S,1933-06-16,Article,123,N,0,http://nla.gov.au/nla.news-article181206737,http://trove.nla.gov.au/newspaper/page/19233573
205831829,"AUSTRALIAN AIR MAIL. LONDON TO DARWIN IN 15 DAYS. Test Flight Commences This Week. LONDON, 30th March.",809,"The Age (Melbourne, Vic. : 1854 - 1954)",9,1931-04-01,Article,436,N,0,http://nla.gov.au/nla.news-article205831829,http://trove.nla.gov.au/newspaper/page/18965601
10974107,"NEW AIR RECORD DARWIN TO LONDON BY CHARLES MELROSE Flight Takes 8 Days 9 Hours LONDON, Sept. 28.",13,"The Argus (Melbourne, Vic. : 1848 - 1957)",25,1934-09-29,Article,283,Y,1,http://nla.gov.au/nla.news-article10974107,http://trove.nla.gov.au/newspaper/page/562716
242825710,"LONDON TO DARWIN Return Flight In 14 Days AIRMEN WAITING FOR GOOD WEATHER LONDON, January 31.",1190,"The Herald (Melbourne, Vic. : 1861 - 1954)",1,1932-02-01,Article,175,N,0,http://nla.gov.au/nla.news-article242825710,http://trove.nla.gov.au/newspaper/page/26381212
90624738,"SCOTT AT DARWIN 10 DAYS FROM LONDON Fastest Flight Ever Made DAY OFF KINGSFORD SMITH'S TIME Brilliant Feat in Tiny Plane Darwin, April 10.",291,"Chronicle (Adelaide, SA : 1895 - 1954)",50,1931-04-16,Article,540,N,0,http://nla.gov.au/nla.news-article90624738,http://trove.nla.gov.au/newspaper/page/8659199
163775852,"BEAT WIRELESS Lancaster's Koepang-Darwin Stage FLYING IN CLOUDS 'Red Rose' Took 32 Days Flying Time From London DARWIN, Tuesday.",651,The Newcastle Sun (NSW : 1918 - 1954),5,1928-03-20,Article,520,Y,0,http://nla.gov.au/nla.news-article163775852,http://trove.nla.gov.au/newspaper/page/16595980
203692127,"ACROSS THE WORLD ROSS SMITH'S HISTORIC FLIGHT Darwin Reached Yesterday LONDON TO AUSTRALIA IN 28 DAYS £10,000 PRIZE WON. DARWIN, Wednesday.",809,"The Age (Melbourne, Vic. : 1854 - 1954)",7,1919-12-11,Article,352,N,0,http://nla.gov.au/nla.news-article203692127,http://trove.nla.gov.au/newspaper/page/18775862
246439454,"DRAWING-ROOM GIRL WHO RODE MONSOON GREAT AIR DASH, LONDON TO DARWIN 14 DAYS 22 12 HOURS ON WAY AMY'S RECORD IS BROKEN DARWIN, Wednesday.",1347,"The Daily Telegraph (Sydney, NSW : 1931 - 1954)",1,1934-05-24,Article,667,N,0,http://nla.gov.au/nla.news-article246439454,http://trove.nla.gov.au/newspaper/page/27097748
91064681,Girl Flier Breaks Amy Johnson's Record LONDON TO DARWIN IN 16 DAYS Jean Batten's Fine Fligh CUTS RIVAL'S TIME BY THREE DAYS,291,"Chronicle (Adelaide, SA : 1895 - 1954)",46,1934-05-24,Article,311,N,0,http://nla.gov.au/nla.news-article91064681,http://trove.nla.gov.au/newspaper/page/8670009
2257632,"SEVEN DAYS DASH TO DARWIN BY AIR PILOT'S PLANS IN NEW TYPE PLANE LONDON, Monday.",11,The Canberra Times (ACT : 1926 - 1995),1,1931-10-21,Article,171,N,0,http://nla.gov.au/nla.news-article2257632,http://trove.nla.gov.au/newspaper/page/652289
17054702,"GREAT FLIGHT. Rubin and Waller. DARWIN TO ENGLAND IN 8½ DAYS. LONDON, May 2.",35,The Sydney Morning Herald (NSW : 1842 - 1954),9,1934-05-03,Article,408,N,0,http://nla.gov.au/nla.news-article17054702,http://trove.nla.gov.au/newspaper/page/1145039
35880968,"BROOK'S FEAT HAILED New Solo Flight Record DARWIN TO LYMPNE IN UNDER 8 DAYS LONDON, April 1.",12,"The Courier-Mail (Brisbane, Qld. : 1933 - 1954)",13,1935-04-02,Article,170,Y,0,http://nla.gov.au/nla.news-article35880968,http://trove.nla.gov.au/newspaper/page/1956310
67760706,"DARWIN TO LONDON IN NINE DAYS. Matthews' Plans. TO ATTACK RECORD. Optimistic of Success. BRISBANE, Sunday.",46,"Advocate (Burnie, Tas. : 1890 - 1954)",5,1930-12-29,Article,300,Y,0,http://nla.gov.au/nla.news-article67760706,http://trove.nla.gov.au/newspaper/page/5405926
68164813,"Darwin to England in 8 Days 12 Hours. Rubin and Waller Beat Mollison's Time. LONDON, Tuesdny.",46,"Advocate (Burnie, Tas. : 1890 - 1954)",1,1934-05-03,Article,468,N,0,http://nla.gov.au/nla.news-article68164813,http://trove.nla.gov.au/newspaper/page/5762566
2348668,"IN SIX DAYS LONDON-DARWIN AIR MAIL Objective Aimed At AUSTRALIAN STOPS MAY BE REDUCED SYDNEY, Friday.",11,The Canberra Times (ACT : 1926 - 1995),1,1934-04-21,Article,195,N,0,http://nla.gov.au/nla.news-article2348668,http://trove.nla.gov.au/newspaper/page/650215
32359876,BUTLER AT DARWIN. THE RECORD BROKEN. A CLOSE FINISH. NINE DAYS FROM LONDON.,30,"The West Australian (Perth, WA : 1879 - 1954)",9,1931-11-10,Article,467,N,0,http://nla.gov.au/nla.news-article32359876,http://trove.nla.gov.au/newspaper/page/2854499
41226202,"ULM'S HOPES. TO DARWIN IN 10 DAYS NO ATLANTIC FLIGHT. (Australian Cable Service.) LONDON, September 30.",61,Cairns Post (Qld. : 1909 - 1954),7,1933-10-03,Article,88,N,0,http://nla.gov.au/nla.news-article41226202,http://trove.nla.gov.au/newspaper/page/2992717
67920363,"SCOTT LEAVES FOR DARWIN. After England- Australia Record. Hopes to Arrive in Eight Days. LONDON, Tuesday.",46,"Advocate (Burnie, Tas. : 1890 - 1954)",7,1932-04-20,Article,392,N,0,http://nla.gov.au/nla.news-article67920363,http://trove.nla.gov.au/newspaper/page/5833903
77931085,"WALLER AND JONES IN ENGLAND. Darwin-England Record Reduced. BY 3 DAYS 7 HOURS. London, Friday.",276,"Border Watch (Mount Gambier, SA : 1861 - 1954)",1,1934-11-03,Article,70,N,0,http://nla.gov.au/nla.news-article77931085,http://trove.nla.gov.au/newspaper/page/7668768
80678647,"LONDON TO DARWIN IN 16 DAYS HINKLER'S FINE FEAT. THE ARRIVAL IN AUSTRALIA.  BIMA, February 22.",258,"The Northern Miner (Charters Towers, Qld. : 1874 - 1954)",2,1928-02-23,Article,658,N,0,http://nla.gov.au/nla.news-article80678647,http://trove.nla.gov.au/newspaper/page/8028665
118515000,"RACE TO AUSTRALIA DARWIN IN TWO DAYS? U.S. Speed Superiority. (Australian Cable Service.) LONDON, September 27.",378,"Queensland Times (Ipswich, Qld. : 1909 - 1954)",7 S,1933-09-29,Article,508,N,0,http://nla.gov.au/nla.news-article118515000,http://trove.nla.gov.au/newspaper/page/10273571
141024348,"BY AIR TO AUSTRALIA. ROSS-SMITH ARRIVES IN JAVA. Three Days from Darwin. LONDON, Sunday.",656,"The Riverine Grazier (Hay, NSW : 1873 - 1954)",2,1919-12-09,Article,145,N,0,http://nla.gov.au/nla.news-article141024348,http://trove.nla.gov.au/newspaper/page/16295715
143143429,"BERLIN—DARWIN IN THREE AND A HALF DAYS PLANS FOR RECORD PLIGHT LONDON, Wednesday.",687,"Daily Advertiser (Wagga Wagga, NSW : 1911 - 1954)",1,1933-06-02,Article,74,N,0,http://nla.gov.au/nla.news-article143143429,http://trove.nla.gov.au/newspaper/page/15643417
179535614,"AMBITIOUS PROJECT England-Australia Non-Stop Flight Lympne to Darwin in Five Days LONDON, November 20.",840,"The Telegraph (Brisbane, Qld. : 1872 - 1947)",1 S,1932-11-21,Article,421,N,0,http://nla.gov.au/nla.news-article179535614,http://trove.nla.gov.au/newspaper/page/19097686
180979476,"Air Mail to Aastralia Darwin and Back in 21 Days; Neville Stack's Experiment. London, Monday.",893,"Daily Standard (Brisbane, Qld. : 1912 - 1936)",7,1931-03-03,Article,189,N,0,http://nla.gov.au/nla.news-article180979476,http://trove.nla.gov.au/newspaper/page/20823536
182005101,"AIR MAIL SERVICE London to Sydney in Seven Days Visit of British Delegation DARWIN, February 21.",840,"The Telegraph (Brisbane, Qld. : 1872 - 1947)",11 S,1935-02-21,Article,1480,N,0,http://nla.gov.au/nla.news-article182005101,http://trove.nla.gov.au/newspaper/page/19890941
182004865,"AIR MAIL SERVICE London to Sydney in Seven Days Visit of British Delegation DARWIN, February 21.",840,"The Telegraph (Brisbane, Qld. : 1872 - 1947)",11 S,1935-02-21,Article,1423,N,0,http://nla.gov.au/nla.news-article182004865,http://trove.nla.gov.au/newspaper/page/19890965
184729623,"RUBIN AND WALLER IN ENGLAND Eight Days Twelve Hours From Darwin LONDON, May 1.",840,"The Telegraph (Brisbane, Qld. : 1872 - 1947)",13 S,1934-05-02,Article,179,N,0,http://nla.gov.au/nla.news-article184729623,http://trove.nla.gov.au/newspaper/page/19276602
195025082,"IN 3½ DAYS BERLIN TO DARWIN BY PLANE GIRL AS RESERVE PILOT. LONDON, Wednesday.",1005,"Daily Examiner (Grafton, NSW : 1915 - 1954)",5,1933-06-02,Article,80,N,0,http://nla.gov.au/nla.news-article195025082,http://trove.nla.gov.au/newspaper/page/21805308
205097095,"SCOTT FLYING OUT AGAIN. HIS AMBITION. ENGLAND TO DARWIN IN EIGHT DAYS. LONDON, 19th April.",809,"The Age (Melbourne, Vic. : 1854 - 1954)",12,1932-04-20,Article,469,N,0,http://nla.gov.au/nla.news-article205097095,http://trove.nla.gov.au/newspaper/page/19045511
224237550,"SEVEN DAYS TO DARWIN FLIERS' HOPES PLAN MOONLIGHT HOPS WAR PILOTS AFTER HINKLER'S RECORD LONDON, Friday.",1180,"The Sun (Sydney, NSW : 1910 - 1954)",1 S,1930-10-04,Article,294,Y,0,http://nla.gov.au/nla.news-article224237550,http://trove.nla.gov.au/newspaper/page/24492060
242590932,MESOPOTAMIA'S REVIVAL New Market for Australia FIFTEEN DAYS TO LONDON VIA DARWIN AND BAGDAD,1190,"The Herald (Melbourne, Vic. : 1861 - 1954)",4,1919-08-13,Article,561,N,0,http://nla.gov.au/nla.news-article242590932,http://trove.nla.gov.au/newspaper/page/26334354
242890183,"ENGLAND TO DARWIN AND BACK IN 21 DAYS Experimental Mail Flight ENGLISH PILOT'S VENTURE LONDON, March 2.",1190,"The Herald (Melbourne, Vic. : 1861 - 1954)",9,1931-03-03,Article,183,N,0,http://nla.gov.au/nla.news-article242890183,http://trove.nla.gov.au/newspaper/page/26384407
243085381,"WALLER-JONES SMASH RECORD TO ENGLAND From Darwin In Under 6 Days LONDON, Friday.",1190,"The Herald (Melbourne, Vic. : 1861 - 1954)",7,1934-11-03,Article,1291,Y,0,http://nla.gov.au/nla.news-article243085381,http://trove.nla.gov.au/newspaper/page/26336330
246552353,"DARWIN IN SIX DAYS ATTACK ON RECORD NEW ATTEMPT FROM ENGLAND BANJO, TOO LONDON, Thurs.",1347,"The Daily Telegraph (Sydney, NSW : 1931 - 1954)",1,1932-02-19,Article,134,Y,0,http://nla.gov.au/nla.news-article246552353,http://trove.nla.gov.au/newspaper/page/27038730
35026962,"FIRST AIR MAIL FROM BRITAIN Bags At Darwin 10 Days From London NIGHT LANDING Pilot's Lone Flight Of 5 Days In Slow Plane DARWIN, December 18.",44,"The Advertiser (Adelaide, SA : 1931 - 1954)",23,1934-12-19,Article,502,N,0,http://nla.gov.au/nla.news-article35026962,http://trove.nla.gov.au/newspaper/page/2928740
181769265,"London to Bundaberg by Air DARWIN REACHED IN SIXTEEN DAYS BERT. HINKLER'S UNEQUALLED ACHIEVEMENT Tremendous Enthusiasm in His Home Town  HINKLER AT DARWIN Memorable Last Stage Over Timor Sea Australian Press Association. DARWIN, February 22.",891,"The Week (Brisbane, Qld. : 1876 - 1934)",12,1928-03-02,Article,352,N,0,http://nla.gov.au/nla.news-article181769265,http://trove.nla.gov.au/newspaper/page/21017084
96017740,"LONDON TO DARWIN IN FIVE DAYS PLANS FOR WORLD'S GREATEST FLIGHT BRITISH EXPERTS DECIDE ON SINGLE ENGINE (""Recorder"" Special Cables) LONDON, Monday.",347,"Recorder (Port Pirie, SA : 1919 - 1954)",1,1932-11-22,Article,205,N,0,http://nla.gov.au/nla.news-article96017740,http://trove.nla.gov.au/newspaper/page/9209335
130936158,"BROADBENT'S FAST FLIGHT Darwin to London In 6 days 10 hr. 55 min. NEW RECORD SET LONDON, May 3.",461,"News (Adelaide, SA : 1923 - 1954)",1,1937-05-04,Article,426,N,0,http://nla.gov.au/nla.news-article130936158,http://trove.nla.gov.au/newspaper/page/11190349
17179701,"EMPIRE AVIATION. TRANSATLANTIC SERVICE. To Darwin in Four and a Half Days. (FROM OUR SPECIAL REPRESENTATIVE.) LONDON, July 13.",35,The Sydney Morning Herald (NSW : 1842 - 1954),11,1935-07-15,Article,461,N,0,http://nla.gov.au/nla.news-article17179701,http://trove.nla.gov.au/newspaper/page/1115324
45759871,SCOTT AT DARWIN 10 DAYS FROM LONDON Fastest Flight Ever Made DAY OFF KINGSFORD SMITH'S TIME Brilliant Feat in Tiny Plane,45,"Advertiser and Register (Adelaide, SA : 1931)",15,1931-04-11,Article,546,N,0,http://nla.gov.au/nla.news-article45759871,http://trove.nla.gov.au/newspaper/page/2584947
46853627,"TO DARWIN IN 8 DAYS Scott Off Again VETERAN PLANE Seeks To Regain Record: Good Start Special Cable To ""The Advertiser"" LONDON, April 19.",44,"The Advertiser (Adelaide, SA : 1931 - 1954)",15,1932-04-20,Article,448,Y,0,http://nla.gov.au/nla.news-article46853627,http://trove.nla.gov.au/newspaper/page/2884107
54999729,"LONDON TO DARWIN IN SIX AND A HALF DAYS Dutch Air Service to be Extended CANBERRA, September 3.",77,"Morning Bulletin (Rockhampton, Qld. : 1878 - 1954)",8,1937-09-04,Article,171,N,0,http://nla.gov.au/nla.news-article54999729,http://trove.nla.gov.au/newspaper/page/5386318
4513757,"BERTRAM AT DARWIN. IN TWO ""HOPS."" LONG FLIGHT BEGINS TO-DAY. Expect to Reach London in 6½ Days.",13,"The Argus (Melbourne, Vic. : 1848 - 1957)",9,1932-12-12,Article,492,N,0,http://nla.gov.au/nla.news-article4513757,http://trove.nla.gov.au/newspaper/page/518291
55067343,"HINKLER AT CALCUTTA. HINKLER CONGRATULATED. Long Stages Across India. 1,500 Miles in Two Days. ALLAHABAD, February 15.  Darwin Next Thursday. LONDON, February 16.",89,"The Register (Adelaide, SA : 1901 - 1929)",13,1928-02-17,Article,452,N,0,http://nla.gov.au/nla.news-article55067343,http://trove.nla.gov.au/newspaper/page/5111071
85598203,"Proposed New Air Service to Darwin FOUR DAYS' JOURNEY Flying Boats to be Used BRITISH PLAN LONDON, July 12.",275,"The Daily News (Perth, WA : 1882 - 1950)",11 S,1935-07-13,Article,290,N,0,http://nla.gov.au/nla.news-article85598203,http://trove.nla.gov.au/newspaper/page/8398565
95103981,"AIR MAIL TO ENGLAND  FASTER AND BIGGER SERIVCE SEVEN DAYS TO LONDON. DISTINGUISHED BRITISH DELEGATION ARRIVES. Darwin, Feb. 21.",342,Kalgoorlie Miner (WA : 1895 - 1950),4,1935-02-22,Article,352,N,0,http://nla.gov.au/nla.news-article95103981,http://trove.nla.gov.au/newspaper/page/9156639
115364280,THE LAST STAGE. LONDON-AUSTRALIA AIR RACE. Hill May Reach Darwin To-day. KINGSFORD SMITH WITH TWO DAYS TO SPARE.,378,"Queensland Times (Ipswich, Qld. : 1909 - 1954)",7 S,1930-10-17,Article,146,N,0,http://nla.gov.au/nla.news-article115364280,http://trove.nla.gov.au/newspaper/page/9911822
128300709,"14 Days to Darwin and Back? Hamilton and Coupland Waiting on Weather (""News"" Special Representative) LONDON, January 31.",461,"News (Adelaide, SA : 1923 - 1954)",5,1932-02-01,Article,182,N,0,http://nla.gov.au/nla.news-article128300709,http://trove.nla.gov.au/newspaper/page/11058168
128475276,"STACK FOR BIG AIR RACE To Darwin in 3½ Days is Aim NEW MACHINE (""News"" Special Representative) LONDON, November 29.",461,"News (Adelaide, SA : 1923 - 1954)",6,1933-11-30,Article,353,N,0,http://nla.gov.au/nla.news-article128475276,http://trove.nla.gov.au/newspaper/page/11042850
129275007,"TO DARWIN-- IN 7 DAYS Italian Flier to Honor Hinkler READY TO START (""News"" Special Representative) LONDON, April 3.",461,"News (Adelaide, SA : 1923 - 1954)",6,1933-04-04,Article,257,N,0,http://nla.gov.au/nla.news-article129275007,http://trove.nla.gov.au/newspaper/page/11045110
147325157,Record Solo Flight from London to Darwin. CAPTAIN SCOTT ACCOMPLISHES IN TEN DAYS. BEAT KINGSFORD SMITH'S RECORD BY A DAY.,715,The Narracoorte Herald (SA : 1875 - 1954),3,1931-04-14,Article,201,N,0,http://nla.gov.au/nla.news-article147325157,http://trove.nla.gov.au/newspaper/page/17567078
164307777,"SCOTT ON WING TO BREAK SMITH'S RECORD DARWIN IN 9 DAYS IS OBJECTIVE FLIES GYPSY MOTH LONDON, Wednesday.",651,The Newcastle Sun (NSW : 1918 - 1954),8,1931-04-02,Article,264,N,0,http://nla.gov.au/nla.news-article164307777,http://trove.nla.gov.au/newspaper/page/16594719
184066898,"SIX AND A HALF DAYS LONDON TO DARWIN Projected Dutch Air Schedule. Will Dutch Planes Fly Through to Sydney MELBOURNE, April 30.",840,"The Telegraph (Brisbane, Qld. : 1872 - 1947)",15,1937-04-30,Article,428,N,0,http://nla.gov.au/nla.news-article184066898,http://trove.nla.gov.au/newspaper/page/19896241
184066859,"SIX AND A HALF DAYS LONDON TO DARWIN Projected Dutch Air Schedule Will Dutch Planes Fly Through to Sydney? MELBOURNE, April 30.",840,"The Telegraph (Brisbane, Qld. : 1872 - 1947)",1 S,1937-04-30,Article,609,N,0,http://nla.gov.au/nla.news-article184066859,http://trove.nla.gov.au/newspaper/page/19896253
201590831,"FROM ENGLAND TO DARWIN IN SEVEN DAYS. AIRMEN WILL FLY BY DAY AND NIGHT. CHABOT AND PICKTHORNE LONDON, Sunday.",943,"The Evening News (Rockhampton, Qld. : 1924 - 1941)",1,1930-10-06,Article,236,N,0,http://nla.gov.au/nla.news-article201590831,http://trove.nla.gov.au/newspaper/page/22276568
230333705,AUSTRALIA TO LONDON IN 6½ DAYS DUTCH 'PLANES MAY STOP AT DARWIN Link There With Service From Adelaide COMPLETING DETAILS,1180,"The Sun (Sydney, NSW : 1910 - 1954)",9 S,1937-04-30,Article,1135,Y,0,http://nla.gov.au/nla.news-article230333705,http://trove.nla.gov.au/newspaper/page/24648072
232333732,"HINKLER’S SAFE ARRIVAL LONDON TO AUSTRALIA IN 16 DAYS ONE OF GREATEST AVIATION FEATS IN HISTORY DARWIN, February 22.",558,Geelong Advertiser (Vic. : 1859 - 1929),1,1928-02-23,Article,1144,Y,0,http://nla.gov.au/nla.news-article232333732,http://trove.nla.gov.au/newspaper/page/25134664
106490376,ROSS SMITH'S GREAT TRIUMPH AERIAL HOMER ARRIVES AT DARWIN LONDON TO AUSTRALIA IN 28 DAYS WONDERFUL PERFORMANCE OF VICKERS VIMY MACHINE.,395,"Daily Herald (Adelaide, SA : 1910 - 1924)",5,1919-12-11,Article,351,N,1,http://nla.gov.au/nla.news-article106490376,http://trove.nla.gov.au/newspaper/page/10501819
5648944,CAPT. ROSS SMITH TRIUMPHS ARRIVAL AT DARWIN MAGNIFICENT 28 DAYS' FLIGHT FROM LONDON TO AUSTRALIA PARTY OVERWHELMED WITH CONGRATULATIONS,34,"The Advertiser (Adelaide, SA : 1889 - 1931)",7,1919-12-11,Article,7198,Y,8,http://nla.gov.au/nla.news-article5648944,http://trove.nla.gov.au/newspaper/page/990442
246691598,"Brook Speeds To Beat Melrose DARWIN TO ENGLAND IN SEVEN DAYS NEARS GOAL ON LAST LAP LONDON, Sunday.",1347,"The Daily Telegraph (Sydney, NSW : 1931 - 1954)",1,1935-04-01,Article,109,N,0,http://nla.gov.au/nla.news-article246691598,http://trove.nla.gov.au/newspaper/page/27090149
46006363,"HINKLER LANDS AT DARWIN LONDON TO AUSTRALIA TRAVERSED IN LIGHT AEROPLANE IN 16 DAYS LAST HOP OF 925 MILES OVER SEA  PREVIOUS RECORDS ECLIPSED Port Darwin, Thursday.",53,"Barrier Miner (Broken Hill, NSW : 1888 - 1954)",1,1928-02-23,Article,224,N,0,http://nla.gov.au/nla.news-article46006363,http://trove.nla.gov.au/newspaper/page/3264504
53490515,N.Z. Fliers Reach Darwin: Australians Off To London N.Z. FLIERS LAND AT DARWIN Piper And Kay. Had Struggle With Adversity 43 DAYS ON FLIGHT,90,"The Register News-Pictorial (Adelaide, SA : 1929 - 1931)",2,1930-03-25,Article,791,Y,0,http://nla.gov.au/nla.news-article53490515,http://trove.nla.gov.au/newspaper/page/4586085
47458535,"ENGLAND TO AUSTRALIA IN SIXTEEN DAYS HINKLER ARRIVES AT DARWIN. Magnificent Achievement by an Australian Airman. A FLIGHT OF RECORDS FROM LONDON. Lonely Trip in a Tiny Machine. Darwin, February 22.",34,"The Advertiser (Adelaide, SA : 1889 - 1931)",13,1928-02-23,Article,1261,Y,0,http://nla.gov.au/nla.news-article47458535,http://trove.nla.gov.au/newspaper/page/2487741
83933325,"FIGHT ROUND THE WORLD. Ross-Smith's Amazing Achievement. FROM LONDON TO AUSTRALIA IN [?] DAYS. INTREPID AIRMEN LAND AT DARWIN. GREAT POPULAR REJOICING. SPECIAL MESSAGES TO ""HERALD"" DARWIN (Northern Territory.) December 10, 3.50 a.m.",270,Zeehan and Dundas Herald (Tas. : 1890 - 1922),3,1919-12-11,Article,1222,N,0,http://nla.gov.au/nla.news-article83933325,http://trove.nla.gov.au/newspaper/page/8348108
90471062,"FLYING FROM ENGLAND Kingsford Smith's Success: Hinkler's Record Beaten LONDON TO DARWIN IN 11 DAYS HILL CRASHES ON TIMOR—MATTHEWS ARRIVES SAFELY Darwin, October 19.",291,"Chronicle (Adelaide, SA : 1895 - 1954)",44,1930-10-23,Article,184,N,0,http://nla.gov.au/nla.news-article90471062,http://trove.nla.gov.au/newspaper/page/8657375
237025672,"New Zealand Fliers Triumph Over Persistent III-luck PIPER AND KAYE NOW AT DARWIN FLIGHT OF 43 DAYS FROM LONDON WILL CONTINUE THEIR AERIAL JOURNEY TO SYDNEY ONLY HOLIDAY TOUR DARWIN, Monday.",1284,"The Labor Daily (Sydney, NSW : 1924 - 1938)",1,1930-03-25,Article,840,Y,0,http://nla.gov.au/nla.news-article237025672,http://trove.nla.gov.au/newspaper/page/25570908
91073060,FIRST AIR MAIL FROM BRITAIN BAGS AT DARWIN TEN DAYS FROM LONDON Pilot's Lone Flight Of 5 Days In Slow Plane DISAPPOINTING AUSTRALIAN USE OF SERVICE,291,"Chronicle (Adelaide, SA : 1895 - 1954)",46,1934-12-20,Article,350,N,0,http://nla.gov.au/nla.news-article91073060,http://trove.nla.gov.au/newspaper/page/8672136
3912864,HINKLER AT DARWIN GREAT WELCOME LONG FLIGHT OVER SEA LONDON TO AUSTRALIA IN 16 DAYS TWELVE DAYS OFF PREVIOUS RECORD  (Speciall to the Australian Press Association from Mr. Bert Hinkler.),13,"The Argus (Melbourne, Vic. : 1848 - 1957)",15,1928-02-23,Article,7164,Y,2,http://nla.gov.au/nla.news-article3912864,http://trove.nla.gov.au/newspaper/page/462365
205083980,"NEW RECORDS. JONES AND WALLER. OUT AND BACK IN 13 DAYS 6 HOURS. Darwin-England Time Beaten by More Than 3 Days. LONDON, 3rd November.",809,"The Age (Melbourne, Vic. : 1854 - 1954)",10,1934-11-05,Article,1210,N,0,http://nla.gov.au/nla.news-article205083980,http://trove.nla.gov.au/newspaper/page/19042378
67747335,"Kingsford Smith Beats Hinlders Record for England to Australia Flight by Five Days. LONDON TO DARWIN IN ELEVEN DAYS. Another Magnificent Achievement for World's Greatest Aviator. HILL CRASHES IN JAVA; 'PLANE DAMAGED, BUT AIRMAN UNINJURED. Matthews Also Reaches His Goal After a Month's Flight Dogged by Misfortune. DARWIN, Sunday.",46,"Advocate (Burnie, Tas. : 1890 - 1954)",5,1930-10-20,Article,316,Y,0,http://nla.gov.au/nla.news-article67747335,http://trove.nla.gov.au/newspaper/page/5405326
36193164,DAY AND NIGHT FLYING Imperial Airways Plans For Next Year NEW FLYING BOATS London To Darwin In Seven Days Australian Associated Press LONDON. October 31.,44,"The Advertiser (Adelaide, SA : 1931 - 1954)",23,1935-11-01,Article,501,N,0,http://nla.gov.au/nla.news-article36193164,http://trove.nla.gov.au/newspaper/page/2689595
131560789,"Broadbent Makes New Air Record DARWIN TO LONDON IN 5 DAYS 4 HR. 21 MIN. Beats Jean Batten's Time By 13 Hr. 54 Min. LONDON, April 22.",461,"News (Adelaide, SA : 1923 - 1954)",1,1938-04-23,Article,478,Y,0,http://nla.gov.au/nla.news-article131560789,http://trove.nla.gov.au/newspaper/page/11359301
36409120,HINKLER'S RECORD BEATEN KINGSFORD SMITH'S EPIC FLIGHT. LANDING AT DARWIN FROM LONDON IN TEN DAYS ENTHUSIASTIC RECEPTION MATHEWS REACHES AUSTRALIA HILL'S 'PLANE WRECKED IN TIMOR.,100,"Western Argus (Kalgoorlie, WA : 1916 - 1938)",16,1930-10-21,Article,137,N,0,http://nla.gov.au/nla.news-article36409120,http://trove.nla.gov.au/newspaper/page/4275377
46639920,"AERIAL DOINGS HAMILTON AND COUPLAND PLANNING A BIG FLIGHT ENGLAND TO DARWIN AND BACK IN 14 DAYS (Special to ""The Miner."") London, January 31.",53,"Barrier Miner (Broken Hill, NSW : 1888 - 1954)",3,1932-02-02,Article,198,N,0,http://nla.gov.au/nla.news-article46639920,http://trove.nla.gov.au/newspaper/page/3443926
47560640,"GIRL FLIER'S GREAT RECORD Miss Batten Takes 15 Days From London AMY JOHNSON'S TIME BEATEN ""Adventurous Trip In Frightful Weather"" SUCCESSI ON THIRD ATTEMPT DARWIN, May 23.",44,"The Advertiser (Adelaide, SA : 1931 - 1954)",15,1934-05-24,Article,560,N,0,http://nla.gov.au/nla.news-article47560640,http://trove.nla.gov.au/newspaper/page/2928225
55061900,"HINKLER AT DARWIN—FIVE RECORDS BROKEN IN TINY 'PLANE. FROM LONDON IN 16 DAYS. QUEENSLAND FLIER'S AMAZING FEAT. ""AUSTRALIA AT LAST—JOY IN THE COCKPIT!""",89,"The Register (Adelaide, SA : 1901 - 1929)",9,1928-02-23,Article,104,Y,0,http://nla.gov.au/nla.news-article55061900,http://trove.nla.gov.au/newspaper/page/5111147
30863214,"BROADBENT MAKES NEW SOLO RECORD Darwin-England In 5 Days, 4 Hours LANDING IN RAIN Attempt On Scott-Black Record Possible From ""The Advertiser"" Special Representative LONDON. April 23.",44,"The Advertiser (Adelaide, SA : 1931 - 1954)",15,1938-04-25,Article,685,N,0,http://nla.gov.au/nla.news-article30863214,http://trove.nla.gov.au/newspaper/page/2642022
35138986,"MELROSE SPRINGS SURPRISE At Croydon After Record Flight 8 DAYS 9 HOURS FROM DARWIN Unspectacular Dash Across World Special Cables To ""The Advertiser"" LONDON. September 28.",44,"The Advertiser (Adelaide, SA : 1931 - 1954)",8,1934-09-29,Article,401,Y,0,http://nla.gov.au/nla.news-article35138986,http://trove.nla.gov.au/newspaper/page/2681393
36191134,"KINGSFORD SMITH BEGINS FLIGHT ""Intends Taking On Full Load At Marseilles"" THREE DAYS TO DARWIN SAID TO BE AIM From ""The Advertiser"" Special Representative LONDON, October 23.",44,"The Advertiser (Adelaide, SA : 1931 - 1954)",15,1935-10-24,Article,400,N,0,http://nla.gov.au/nla.news-article36191134,http://trove.nla.gov.au/newspaper/page/2689412
95222598,HINKLER'S RECORD BEATEN KINGSFORD SMITH'S EPIC FLIGHT LANDING AT DARWIN FROM LONDON IN TEN DAYS ENTHUSIASTIC RECEPTION MATHEWS REACHES AUSTRALIA HILL'S 'PLANE WRECKED IN TIMOR.,342,Kalgoorlie Miner (WA : 1895 - 1950),4,1930-10-20,Article,145,N,0,http://nla.gov.au/nla.news-article95222598,http://trove.nla.gov.au/newspaper/page/9271425
118756434,"England To Australia In 10½ Days Is Smithy's Aim DARWIN ON SUNDAY WITH LUCK ANOTHER RECORD GOES AT ALLAHABAD NO TIDINGS OF ""HILL-OF-A-HURRY"" LONDON, Tuesday",508,"Evening News (Sydney, NSW : 1869 - 1931)",1,1930-10-15,Article,528,N,0,http://nla.gov.au/nla.news-article118756434,http://trove.nla.gov.au/newspaper/page/12319018
147205104,HINKLER'S MARVELLOUS FLIGHT TO AUSTRALIA ARRIVES AT DARWIN ON WEDNESDAY EVENING. FROM LONDON TO AUSTRALIA IN SIXTEEN DAYS. A GREAT SOLO FLIGHT. BREAKS FIVE RECORDS.,715,The Narracoorte Herald (SA : 1875 - 1954),2,1928-02-24,Article,332,N,0,http://nla.gov.au/nla.news-article147205104,http://trove.nla.gov.au/newspaper/page/17468094
164211692,"GIRL SAVED FROM SURF AT NOBBYS BEACH London to Darwin in 10 Days DASHING RACE NEARING A TRIUMPHANT END BOTH COMPETITORS SHOULD MAKE NEW AIR RECORD ""SMITHY"" MUST WIN!",651,The Newcastle Sun (NSW : 1918 - 1954),1,1930-10-16,Article,381,Y,0,http://nla.gov.au/nla.news-article164211692,http://trove.nla.gov.au/newspaper/page/16586866
133066937,"ANXIETY OVER HINKLER GROWS AFTER 3 DAYS' SILENCE FRUITLESS SEARCH Airman's Friends Think He is Far on Way to Darwin WORLD AGOG FOR NEWS (""News"" Special Representative) LONDON, January 9.",461,"News (Adelaide, SA : 1923 - 1954)",1,1933-01-10,Article,1356,Y,1,http://nla.gov.au/nla.news-article133066937,http://trove.nla.gov.au/newspaper/page/11062650
247196210,"Missing Flier Turns Up Tired But Safe At Singapore ""SMITHY"" SMASHES ANOTHER RECORD London to Rangoon In Seven Days; Hinkler Took Eleven HILL AT DARWIN ON FRIDAY?",1342,"Daily Pictorial (Sydney, NSW : 1930 - 1931)",3,1930-10-16,Article,411,Y,0,http://nla.gov.au/nla.news-article247196210,http://trove.nla.gov.au/newspaper/page/27204825
54155280,Kingsford Smith Lands At Darwin 10 Days From London LOWERS HINKLER'S TIME BY FIVE AND A HALF DAYS Hill Crashes In Sight Of Goal And Gives Smith His Emergency Boat VICTOR'S THRILLING STORY OF PERILS ON RANGOON-SINGAPORE STRETCH Sang With Relief When Jagged Peaks Passed,90,"The Register News-Pictorial (Adelaide, SA : 1929 - 1931)",3,1930-10-20,Article,1816,N,0,http://nla.gov.au/nla.news-article54155280,http://trove.nla.gov.au/newspaper/page/4587952
92703757,"ADELAIDE AND LONDON TELEGRAPH. (Received July 1, 10 p.m.) FIRST EUROPEAN TELEGRAMS VIA PORT DARWIN. A FORTNIGHTS LATER NEWS. NINE DAYS COMMUNICATION WITH EUROPE. THE TIMES ON THE INTERCOLONIAL RECIPROCITY CORRESPONDENCE. FAVORABLE TO CUSTOMS UNION, OBJECT TO PROTECTIONIST USE OF POWER. COLONIAL LOANS. COPPER, £110 WHEAT, 62s. LONDON, June 22.",288,"South Australian Chronicle and Weekly Mail (Adelaide, SA : 1868 - 1881)",8,1872-07-06,Article,371,N,0,http://nla.gov.au/nla.news-article92703757,http://trove.nla.gov.au/newspaper/page/8393318
128406194,From London to Australia in Less Than 2½ Days SCOTT LANDS AT DARWIN IN BRILLIANT CENTENARY FLIGHT Great Tussle for Second Place Between Parmentier and Turner COMET EXPECTED IN MELBOURNE AT 5 a.m.,461,"News (Adelaide, SA : 1923 - 1954)",1,1934-10-22,Article,1938,Y,0,http://nla.gov.au/nla.news-article128406194,http://trove.nla.gov.au/newspaper/page/11041197
28686720,"TELEGRAPHIC DESPATCHED [AUSTRALIAN ASSOCIATED PRESS TELEGRAMS. FIRST EUROPEAN TELEGRAMS VIA. FORT DARWIN. A FORTNIGHT'S LATER NEWS. NINE DAYS COMMUNICATION WITH EUROPE. THE TIMES ON THE INTERCOLONIAL RELCIPROCITY CORRESPONDENCE. FAVORABLE TO CUSTOMS UNION, OBJECT TO PROTECTIONIST USE OF POWER. COLONIAL LOANS. COPPER, £110. WHEAT, 62s. IMPORTANT DESPATCH FROM MR. TODD. TELEGRAPH CONSTRUCTION IN FULL SWING. MEN WORKING WITH GREAT ENERGY, THROUGH WIRE COMMUNICATION EXPECTED EARLY IN SEPTEMBER. GAP LESSENING RAPIDLY. INTERRUPTION OF CABLE COMMUNICATION. MR. TODD TO LEAVE DALY WATERS FORTENNANT'S CREEK 27th JUNE. LONDON, June 22.",7,"The South Australian Advertiser (Adelaide, SA : 1858 - 1889)",3,1872-07-02,Article,229,N,0,http://nla.gov.au/nla.news-article28686720,http://trove.nla.gov.au/newspaper/page/2701441
207722042,"TELEGRAPHIC DESPATCHES. [AUSTRALIAN ASSOCIATED PRESS TELEGRAMS.] BY SUBMARINE TELEGRAPH. Received July 1, 10 p.m. FIRST EUROPEAN TELEGRAMS VIA PORT DARWIN. A FORTINIGHT'S LATER NEWS. NINE DAYS COMMUNICATION WITH EUROPE. THE TIMES ON THE INTERCOLONIAL RECIPROCITY CORRESPONDENCE. FAVORABLE TO CUSTOMS UNION, OBJECT TO PROTECTIONIST USE OF POWER. COLONIAL LOANS COPPER, £110.  WHEAT, 62s. IMPORTANT DESPATCH FROM MR. TODD. TELEGRAPH CONSTRUCTION IN FULL SWING. MEN WORKING WITH GREAT ENERGY. THROUGH WIRE COMMUNICATION EXPECTED EARLY IN SEPTEMBER. GAP LESSENING RAPIDLY. INTERRUPTION OF CABLE COMMUNICATION. MR. TODD TO LEAVE DALY WATERS FORTENNANT'S CREEK LONDON, June 22.",1093,"The Express and Telegraph (Adelaide, SA : 1867 - 1922)",2 S,1872-07-02,Article,231,N,0,http://nla.gov.au/nla.news-article207722042,http://trove.nla.gov.au/newspaper/page/22781111
132025473,"Jean Batten Plans to Reach Sydney Tomorrow STILL INTENDS TO REACH NEW ZEALAND IN NINE DAYS Civil Aviation Board to Ascertain Maximum Load for Plane MUST COMPLY WITH REGULATIONS SYDNEY, Monday. Jean Batten, who left Darwin today on her record-breaking solo flight from England, expects to reach Sydney from Charleville, where she will stay tonight, about 10 a.m. tomorrow. It is still her intention to reach New Zealand in nine days from London, but Civil Aviation Department regulations may prevent her flying the Tasman Eea. It was proposed that the Civil Aviation Board should meet in Melbourne today to discuss the question of allowing Miss Batten to take off for New Zealand; But as no direct action can be taken to prevent the flight if her lane complies with regulations it was decided that a was not necessary.",461,"News (Adelaide, SA : 1923 - 1954)",1,1936-10-12,Article,924,Y,0,http://nla.gov.au/nla.news-article132025473,http://trove.nla.gov.au/newspaper/page/11353122
92269453,"ARRIVAL OF THE MAIL. LATEST NEWSPAPER DATES, NOV. 3. LATEST TELEGRAPHIC DATES, NOV. 27. HER MAJESTY'S HEALTH IMPROVED. PRINCE OF WALES ILL WITH TYPHOID FEVER—NO UNFAVORABLE SYMPTOMS REPORTED. MR. BRIGHT AND MR. CHILDERS RETURNING TO PARLIAMENTARY LIFE THIERS OFFERS POPE ASYLUM IN FRANCE, BUT HE REMAINS AT THE VATICAN. THE DUTCH WITHDRAW THEIR PAPAL LEGATION. GREAT ANTIPAPAL DEMONSTRATION BRUSSELS. COUNT BEUST AUSTRIAN AMBASSADOR TO ENGLAND. ILLNESS OF PRINCE BISMARCK. H.M.S. CASSANDRA STRANDED OFF ISLE OF WIGHT. UNFORTUNATE VOYAGE P. & O, STEAMER, MOOLTAN, BETWEEN PORT SAID AND SOUTHAMPTON, 21 DAYS OUT; BOILER BURST; NO LIVES LOST. OFFICIAL ENQUIRY BLAMES PILOT FOR LOSS OF RANGOON. RECOVERY OF SOME BAGS OF MAILS IN GOOD PRESERVATION AND OF LUGGAGE. MR. TOWNSHEND'S ESTIMATE FOR DOCKS AND BREAKWATER AT GALLE £325,000; AT COLOMBO, £700,000. DEEPENING PUMBAN CHANNEL WOULD COST £1,400,000. PASSAGES BY STEAMER VIA CANAL FROM BOMBAY TO ENGLAND FOR £15 ANNOUNCED. SERIOUS INDICATIONS OF APPROACHING FAMINE IN INDIA. GREAT PROGRESS IN JAPAN. FAMINE NORTH OF CHINA. BRINDISI AND NEBRASKA'S MAILS DELIVERED TOGETHER IN LONDON. CABLE SUCCESSFULLY LAID BE-TWEEN PORT DARWIN AND JAVA, NOVEMBER 20th. FIRST MESSAGE DISPATCHED GALLE TO ARGUS, MELBOURNE, CARE TELEGRAPH MASTER, JAVA, AFTERNOON 28th. MEETING OF WOOL IMPORTERS IN LONDON—ASSOCIATION RE-CONSTITUTED. WOOL SALES OPENED 1d. BETTER. LARGE ATTENDANCE OF BUYERS. BIDDINGS, SPIRITED. ADELAIDE WHEAT 65s., QUIET. LARGE ARRIVALS. BURR A AND WALLAROO COPPER £83 TO £84. GREAT DEMAND AUSTRALIAN MEATS—STOCKS EXHAUSTED. SOUTH AUSTRALIAN LOAN NEGOTIATED AT £102 Is. 6d., AND UPWARDS. SOUTH AUSTRALIAN DEBENTURES £109 TO £115. CONSOLS 93 1/2 HOME NEWS. (Compiled for this paper by our Correspondent.)",288,"South Australian Chronicle and Weekly Mail (Adelaide, SA : 1868 - 1881)",6,1871-12-23,Article,2454,N,0,http://nla.gov.au/nla.news-article92269453,http://trove.nla.gov.au/newspaper/page/8392856
92470495,"SEVEN DAYS TO DARWIN Imperial Airways' Schedule 'World's Fastest' LONDON, March 17.",291,"Chronicle (Adelaide, SA : 1895 - 1954)",43,1938-03-24,"Detailed lists, results, guides",199,N,0,http://nla.gov.au/nla.news-article92470495,http://trove.nla.gov.au/newspaper/page/8836822
207701507,"ARRIVAL OF THE ENGLISH MAIL. HEADS OF INTELLIGENCE. LATEST NEWSPAPER DATES, Nov. 3. LATEST TELEGRAPHIC DATES, Nov. 27.  HER MAJESTY'S HEALTH IMPROVED. PRINCE OF WALES ILL WITH TYPHOID FEVER—NO UNFAVORABLE SYMPTOMS REPORTED.  MR. BRIGHT AND MR. CHILDERS RETURNING TO PARLIAMENTARY LIFE. SIR CHAS. DILKE ADVOCATING A REPUBLIC IN ENGLAND.  MR. DISRAELLI ELECTED LORD RECTOR GL ASGOWUNIVERSITY. SIR WILLIAM MAXWELL LORD RECTOR EDINBURGH UNIVERSITY.  VICTOR EMMANUEL ARRIVED IN ROME TO OPEN PARLIAMENT. THIERS OFFERS POPE ASYLUM IN FRANCE, BUT HE REMAINS AT THE VATICAN.  THE DUTCH WITHDRAW THEIR PAPAL LEGATION. GREAT ANTI-PAPAL DEMONSTRATIN BRUSSELS.  COUNT. BEUST AUSTRIAN AMBASSADOR TO ENGLAND. ILLNESS OF PRINCE BISMARCK.  H.M.S. CASSANDRA STRANDED OFF ISLE OF WIGHT. MR. GLADSTONE'S SPEECH AT GREENWICH RETRIEVED POSTION OF MINISTRY.  MR. BUTT AT GLASGOW ADVOCATING REPEAL OF UNION AND IRISH SELF GOVERNMENT. MR. PIGOT, PROPRIETOR OF IRISH MAN, SENTENCED TO FOUR MONTHS' IMPRISONMENT.  MR. KELLY ACQUITTED OF MURDER OF CONSTABLE TALBOT. CAPT. THRUPP AND, OFFICERS OF THE MAEEGARA ACQUITTED BY COURT MARTIAL.  EARL BELMORE EXPECTED TO SUCCEED SIR S. FITZGERALD AT BOMBAY. ARRIVAL OF ECLIPSE EXPEDITION UNDER NORMAN LOCKYER IN CEYLON.  UNFORTUNATE. VOYAGE P. & O. STEAMER MOOUTAN, BETWEEN PORT SAID AND SOUTHAMPTON, 21 DAYS OUT; BOILER BURST; NO LIVES LOST.  OFFICIAL ENQUIRY BLAMES PILOT FOR LOSS OF RANGOON. RECOVERY OF SOME BAGS OF MAILS IN GOOD PRESERVATION AND OF LUGGAGE.  MR. TOWNSHEND'S ESTIMATE FOR DOCKS AND BREAKWATER AT GALLE £325,000' AT COLOMBO, £700,000. DEEPENING PANNIBEN CHANNEL WOULD COST £1,400,0000.  PASSAGES BY STEAMER VIA CANAL FROM BOMBAY TO ENGLAND FOR £15 ANNOUNCED. SERIOUS INDICATIONS OF APPROACHING FAMINE IN INDIA.  GREAT PROGRESS IN JAPAN. FAMINE NORTH OF CHINA. MEETING OF WOOL IMPORTERS IN LONDON—ASSOCIATION RECONSTITUTED.  WOOL SALES OPENED 1d. BETTER. BARGE ATTENDANCE OF BUYERS BIDDINGS SPIRITED. ADELAIDE WHEAT 65s., QUIET. LARGE ARRIVALS.  BURRA AND WALLAROO COPPER £83 TO £84. GREAT DEMAND AUSTRALIAN MEATS—STOCKS EXHAUSTED.  SOUTH AUSTRALIAN LOAN NEGOTIATED AT £102 1s., 6d., AND UPWARDS. SOUTH AUSTRALIAN DEBENTURES £109 to £115.  CONSOLS 93½. BRINDISI AND NEBRASKA'S MAILS DELIVERED TOGETHER IN LONDON.  CABLE SUCCESSFULLY LAID BETWEEN PORT DARWIN AND JAVA, NOVEMBER 20th. FIRST MESSAGE DISPATCHED. GALLE TO ARGUS, MELBOURNE, CARE TELEORAPH MASTER, JAVA, AFTERNOON 28th.  INDIA AND THE EAST. Galle, November 29.",1093,"The Express and Telegraph (Adelaide, SA : 1867 - 1922)",2,1871-12-21,Article,995,N,0,http://nla.gov.au/nla.news-article207701507,http://trove.nla.gov.au/newspaper/page/22781077
